H(A/m),B(T)
1.06561e+003,1.505394e+000
1.01662e+003,1.50544e+000
9.766677e+002,1.502822e+000
9.391534e+002,1.499835e+000
9.026468e+002,1.496619e+000
8.679607e+002,1.493679e+000
8.341523e+002,1.490693e+000
8.020343e+002,1.487614e+000
7.710541e+002,1.484536e+000
7.418944e+002,1.481412e+000
7.137424e+002,1.478426e+000
6.863706e+002,1.475347e+000
6.603966e+002,1.472269e+000
6.35723e+002,1.469191e+000
6.118296e+002,1.466113e+000
5.880662e+002,1.463035e+000
5.674886e+002,1.459956e+000
5.469435e+002,1.456832e+000
5.27146e+002,1.453708e+000
5.083889e+002,1.450676e+000
4.898918e+002,1.447598e+000
4.722724e+002,1.444427e+000
4.559533e+002,1.441395e+000
4.402845e+002,1.438271e+000
4.246156e+002,1.435193e+000
4.107346e+002,1.432115e+000
3.963335e+002,1.42899e+000
3.832328e+002,1.425866e+000
3.702295e+002,1.422788e+000
3.588192e+002,1.419664e+000
3.463361e+002,1.41654e+000
3.350233e+002,1.413462e+000
3.238405e+002,1.410292e+000
3.135355e+002,1.407213e+000
3.018651e+002,1.404135e+000
2.925027e+002,1.401011e+000
2.83368e+002,1.397887e+000
2.746233e+002,1.394763e+000
2.657811e+002,1.391638e+000
2.576866e+002,1.38856e+000
2.49332e+002,1.38539e+000
2.415951e+002,1.382312e+000
2.336306e+002,1.379142e+000
2.272265e+002,1.376064e+000
2.19002e+002,1.372985e+000
2.125329e+002,1.369815e+000
2.056412e+002,1.366737e+000
1.992046e+002,1.363567e+000
1.916302e+002,1.360535e+000
1.873716e+002,1.357319e+000
1.81065e+002,1.354241e+000
1.754411e+002,1.35107e+000
1.695247e+002,1.347992e+000
1.645184e+002,1.344822e+000
1.58732e+002,1.341744e+000
1.539533e+002,1.338574e+000
1.490771e+002,1.335496e+000
1.439408e+002,1.332325e+000
1.397148e+002,1.329247e+000
1.348061e+002,1.326077e+000
1.305475e+002,1.322999e+000
1.259964e+002,1.319875e+000
1.218353e+002,1.316751e+000
1.177393e+002,1.313627e+000
1.134808e+002,1.310502e+000
1.097748e+002,1.307378e+000
1.055163e+002,1.304208e+000
1.02298e+002,1.30113e+000
9.849453e+001,1.29796e+000
9.459356e+001,1.294882e+000
9.124523e+001,1.291711e+000
8.779937e+001,1.288633e+000
8.47111e+001,1.285463e+000
8.136277e+001,1.282385e+000
7.814447e+001,1.279123e+000
7.450357e+001,1.276137e+000
7.183791e+001,1.273058e+000
6.887967e+001,1.269888e+000
6.57914e+001,1.26681e+000
6.273564e+001,1.26364e+000
6.003747e+001,1.260562e+000
5.746934e+001,1.257392e+000
5.425104e+001,1.254314e+000
5.174791e+001,1.251143e+000
4.911476e+001,1.248065e+000
4.628656e+001,1.244895e+000
4.420604e+001,1.241863e+000
4.141035e+001,1.238739e+000
3.91998e+001,1.235615e+000
3.676169e+001,1.23249e+000
3.458365e+001,1.229366e+000
3.201551e+001,1.226242e+000
3.022757e+001,1.223164e+000
2.75294e+001,1.22004e+000
2.567644e+001,1.216916e+000
2.336836e+001,1.213837e+000
2.161293e+001,1.210667e+000
1.917482e+001,1.207635e+000
1.74844e+001,1.204511e+000
1.517633e+001,1.201433e+000
1.335587e+001,1.198263e+000
1.153542e+001,1.19523e+000
9.779986e+000,1.192106e+000
7.731977e+000,1.189028e+000
6.171589e+000,1.18595e+000
3.993548e+000,1.18278e+000
2.725733e+000,1.179609e+000
1.035313e+000,1.176623e+000
-5.900908e-001,1.173499e+000
-2.150479e+000,1.170375e+000
-3.678358e+000,1.167297e+000
-5.596335e+000,1.164218e+000
-6.896658e+000,1.161094e+000
-8.684602e+000,1.158016e+000
-9.724861e+000,1.154892e+000
-1.161033e+001,1.151814e+000
-1.281313e+001,1.14869e+000
-1.434101e+001,1.145611e+000
-1.564133e+001,1.142487e+000
-1.79494e+001,1.139363e+000
-1.87296e+001,1.136331e+000
-1.986738e+001,1.133207e+000
-2.103767e+001,1.130128e+000
-2.269558e+001,1.12705e+000
-2.360581e+001,1.123926e+000
-2.513369e+001,1.120802e+000
-2.614144e+001,1.117724e+000
-2.744176e+001,1.114645e+000
-2.861205e+001,1.111521e+000
-3.00099e+001,1.108443e+000
-3.079009e+001,1.105319e+000
-3.235048e+001,1.102241e+000
-3.296814e+001,1.099162e+000
-3.36183e+001,1.096084e+000
-3.465856e+001,1.092914e+000
-3.64465e+001,1.089882e+000
-3.722669e+001,1.086758e+000
-3.862454e+001,1.08368e+000
-3.92747e+001,1.080509e+000
-4.057503e+001,1.077477e+000
-4.132271e+001,1.074353e+000
-4.2493e+001,1.071275e+000
-4.32732e+001,1.068151e+000
-4.415091e+001,1.065027e+000
-4.506114e+001,1.061902e+000
-4.61014e+001,1.05887e+000
-4.697912e+001,1.055746e+000
-4.775931e+001,1.052668e+000
-4.85395e+001,1.04959e+000
-4.941722e+001,1.046465e+000
-5.019742e+001,1.043387e+000
-5.123768e+001,1.040263e+000
-5.237546e+001,1.037185e+000
-5.289559e+001,1.034015e+000
-5.325318e+001,1.030936e+000
-5.419591e+001,1.027858e+000
-5.481356e+001,1.024734e+000
-5.546373e+001,1.02161e+000
-5.637395e+001,1.018578e+000
-5.712164e+001,1.015454e+000
-5.747923e+001,1.012375e+000
-5.842196e+001,1.009297e+000
-5.907212e+001,1.006219e+000
-5.959225e+001,1.003049e+000
-6.033994e+001,9.999706e-001
-6.086007e+001,9.967546e-001
-6.151023e+001,9.938142e-001
-6.190032e+001,9.90736e-001
-6.255049e+001,9.876118e-001
-6.316814e+001,9.845336e-001
-6.407837e+001,9.813635e-001
-6.424091e+001,9.783312e-001
-6.446846e+001,9.75253e-001
-6.547621e+001,9.721289e-001
-6.638644e+001,9.690507e-001
-6.658149e+001,9.659265e-001
-6.74267e+001,9.628483e-001
-6.745921e+001,9.597701e-001
-6.804435e+001,9.566459e-001
-6.882455e+001,9.535677e-001
-6.869451e+001,9.504895e-001
-6.960474e+001,9.474113e-001
-7.038493e+001,9.441953e-001
-7.077503e+001,9.412089e-001
-7.139268e+001,9.379469e-001
-7.210786e+001,9.350525e-001
-7.279053e+001,9.319743e-001
-7.269301e+001,9.288501e-001
-7.34732e+001,9.257719e-001
-7.396082e+001,9.226937e-001
-7.409085e+001,9.196155e-001
-7.448095e+001,9.165373e-001
-7.552121e+001,9.134591e-001
-7.500108e+001,9.103809e-001
-7.604134e+001,9.073027e-001
-7.604134e+001,9.042245e-001
-7.704909e+001,9.011462e-001
-7.704909e+001,8.98068e-001
-7.782928e+001,8.949898e-001
-7.873951e+001,8.918197e-001
-7.873951e+001,8.888334e-001
-7.873951e+001,8.855255e-001
-7.935716e+001,8.82631e-001
-7.974726e+001,8.793691e-001
-8.013736e+001,8.764746e-001
-8.095006e+001,8.733964e-001
-8.091755e+001,8.703182e-001
-8.156771e+001,8.6724e-001
-8.218537e+001,8.641618e-001
-8.218537e+001,8.610836e-001
-8.254295e+001,8.580054e-001
-8.296556e+001,8.549271e-001
-8.348569e+001,8.518489e-001
-8.296556e+001,8.487248e-001
-8.413585e+001,8.456466e-001
-8.449344e+001,8.425684e-001
-8.520862e+001,8.393983e-001
-8.51436e+001,8.364119e-001
-8.605383e+001,8.331499e-001
-8.605383e+001,8.302555e-001
-8.621637e+001,8.271773e-001
-8.644392e+001,8.240991e-001
-8.719161e+001,8.210209e-001
-8.719161e+001,8.179427e-001
-8.784177e+001,8.148185e-001
-8.79718e+001,8.117862e-001
-8.8752e+001,8.085702e-001
-8.8752e+001,8.056298e-001
-8.940216e+001,8.025516e-001
-8.940216e+001,7.994275e-001
-8.982476e+001,7.963492e-001
-9.014984e+001,7.93271e-001
-9.171023e+001,7.901928e-001
-9.040991e+001,7.870227e-001
-9.141766e+001,7.839905e-001
-9.141766e+001,7.809123e-001
-9.184026e+001,7.77834e-001
-9.223036e+001,7.747558e-001
-9.262046e+001,7.716776e-001
-9.271798e+001,7.685994e-001
-9.310808e+001,7.654753e-001
-9.375824e+001,7.62397e-001
-9.408332e+001,7.593188e-001
-9.388827e+001,7.561487e-001
-9.453843e+001,7.532084e-001
-9.453843e+001,7.501301e-001
-9.453843e+001,7.470519e-001
-9.499355e+001,7.439278e-001
-9.580625e+001,7.408496e-001
-9.580625e+001,7.377714e-001
-9.632638e+001,7.346472e-001
-9.671648e+001,7.31523e-001
-9.72366e+001,7.283529e-001
-9.697654e+001,7.252747e-001
-9.736664e+001,7.223803e-001
-9.736664e+001,7.193021e-001
-9.788677e+001,7.162239e-001
-9.824436e+001,7.131457e-001
-9.837439e+001,7.100675e-001
-9.863445e+001,7.069892e-001
-9.889452e+001,7.03911e-001
-9.889452e+001,7.008328e-001
-9.967471e+001,6.977546e-001
-9.967471e+001,6.946764e-001
-9.967471e+001,6.915982e-001
-1.001948e+002,6.8852e-001
-1.004549e+002,6.853958e-001
-1.00715e+002,6.824095e-001
-1.00715e+002,6.793313e-001
-1.012351e+002,6.762531e-001
-1.012026e+002,6.731749e-001
-1.017227e+002,6.701426e-001
-1.017227e+002,6.670644e-001
-1.022754e+002,6.639402e-001
-1.026329e+002,6.608161e-001
-1.02763e+002,6.57646e-001
-1.02763e+002,6.547975e-001
-1.031531e+002,6.517193e-001
-1.032831e+002,6.486411e-001
-1.035432e+002,6.456088e-001
-1.037707e+002,6.424387e-001
-1.041608e+002,6.394524e-001
-1.041608e+002,6.364201e-001
-1.044209e+002,6.333419e-001
-1.042909e+002,6.302637e-001
-1.045509e+002,6.272314e-001
-1.052011e+002,6.241073e-001
-1.054611e+002,6.211209e-001
-1.055912e+002,6.180427e-001
-1.058512e+002,6.149645e-001
-1.064689e+002,6.119323e-001
-1.063714e+002,6.08854e-001
-1.064689e+002,6.057758e-001
-1.06859e+002,6.026517e-001
-1.069565e+002,5.995275e-001
-1.074766e+002,5.965871e-001
-1.074766e+002,5.935549e-001
-1.078993e+002,5.904767e-001
-1.077692e+002,5.873985e-001
-1.081593e+002,5.843202e-001
-1.081593e+002,5.811501e-001
-1.086794e+002,5.780719e-001
-1.086794e+002,5.749937e-001
-1.091671e+002,5.720993e-001
-1.091671e+002,5.69067e-001
-1.094271e+002,5.659888e-001
-1.092971e+002,5.629106e-001
-1.098172e+002,5.598783e-001
-1.098172e+002,5.568001e-001
-1.101098e+002,5.537679e-001
-1.103374e+002,5.506896e-001
-1.108575e+002,5.476114e-001
-1.105974e+002,5.444873e-001
-1.109875e+002,5.41455e-001
-1.107275e+002,5.384227e-001
-1.113776e+002,5.353445e-001
-1.115077e+002,5.322663e-001
-1.119953e+002,5.291881e-001
-1.117677e+002,5.261558e-001
-1.119953e+002,5.230317e-001
-1.119953e+002,5.199075e-001
-1.123854e+002,5.167374e-001
-1.123854e+002,5.13843e-001
-1.127104e+002,5.107648e-001
-1.129055e+002,5.077325e-001
-1.132956e+002,5.046543e-001
-1.127104e+002,5.015302e-001
-1.135557e+002,4.984979e-001
-1.137182e+002,4.954197e-001
-1.139458e+002,4.923874e-001
-1.137182e+002,4.893092e-001
-1.140758e+002,4.86231e-001
-1.140758e+002,4.831987e-001
-1.145634e+002,4.801205e-001
-1.144659e+002,4.770423e-001
-1.150835e+002,4.7401e-001
-1.152136e+002,4.709318e-001
-1.156037e+002,4.678536e-001
-1.149535e+002,4.647754e-001
-1.153436e+002,4.617431e-001
-1.150835e+002,4.586649e-001
-1.156037e+002,4.555867e-001
-1.153761e+002,4.525085e-001
-1.161238e+002,4.494303e-001
-1.157337e+002,4.463521e-001
-1.159938e+002,4.432739e-001
-1.161238e+002,4.401497e-001
-1.166439e+002,4.371634e-001
-1.161238e+002,4.340852e-001
-1.166439e+002,4.30961e-001
-1.165139e+002,4.278369e-001
-1.166439e+002,4.249424e-001
-1.16774e+002,4.218642e-001
-1.171641e+002,4.18786e-001
-1.17034e+002,4.157078e-001
-1.171641e+002,4.126755e-001
-1.175216e+002,4.095973e-001
-1.173591e+002,4.065651e-001
-1.173591e+002,4.034868e-001
-1.177817e+002,4.004546e-001
-1.179117e+002,3.973764e-001
-1.179117e+002,3.943441e-001
-1.181718e+002,3.912659e-001
-1.181718e+002,3.882336e-001
-1.181718e+002,3.852014e-001
-1.181718e+002,3.821231e-001
-1.181718e+002,3.790909e-001
-1.186919e+002,3.759667e-001
-1.181718e+002,3.729804e-001
-1.189195e+002,3.699481e-001
-1.194721e+002,3.66778e-001
-1.186919e+002,3.638376e-001
-1.18822e+002,3.608054e-001
-1.186919e+002,3.577272e-001
-1.189845e+002,3.546949e-001
-1.192121e+002,3.516167e-001
-1.192121e+002,3.485844e-001
-1.193421e+002,3.455062e-001
-1.199598e+002,3.42428e-001
-1.197322e+002,3.393038e-001
-1.198622e+002,3.363635e-001
-1.197322e+002,3.332853e-001
-1.199598e+002,3.301152e-001
-1.196022e+002,3.272207e-001
-1.197322e+002,3.241425e-001
-1.199598e+002,3.211102e-001
-1.199923e+002,3.18032e-001
-1.202198e+002,3.149998e-001
-1.202198e+002,3.119216e-001
-1.2113e+002,3.088893e-001
-1.206099e+002,3.05857e-001
-1.207074e+002,3.027788e-001
-1.215201e+002,2.997465e-001
-1.2113e+002,2.966224e-001
-1.212601e+002,2.936361e-001
-1.212601e+002,2.905579e-001
-1.212601e+002,2.874337e-001
-1.206099e+002,2.844933e-001
-1.21e+002,2.814611e-001
-1.212601e+002,2.783828e-001
-1.215852e+002,2.753046e-001
-1.217802e+002,2.722264e-001
-1.23048e+002,2.691942e-001
-1.225604e+002,2.661159e-001
-1.223003e+002,2.630377e-001
-1.220403e+002,2.599595e-001
-1.221703e+002,2.569273e-001
-1.223003e+002,2.53895e-001
-1.22788e+002,2.507708e-001
-1.224304e+002,2.476926e-001
-1.22788e+002,2.447063e-001
-1.23048e+002,2.41674e-001
-1.23048e+002,2.385958e-001
-1.23048e+002,2.355176e-001
-1.231781e+002,2.324853e-001
-1.231781e+002,2.294071e-001
-1.233081e+002,2.263749e-001
-1.22918e+002,2.232966e-001
-1.236007e+002,2.202644e-001
-1.234381e+002,2.171862e-001
-1.238282e+002,2.141539e-001
-1.235681e+002,2.110297e-001
-1.240883e+002,2.079975e-001
-1.239582e+002,2.049652e-001
-1.242183e+002,2.019329e-001
-1.244784e+002,1.988547e-001
-1.242183e+002,1.958225e-001
-1.242508e+002,1.927443e-001
-1.247384e+002,1.89712e-001
-1.244784e+002,1.866797e-001
-1.238282e+002,1.835096e-001
-1.248685e+002,1.805233e-001
-1.248685e+002,1.77491e-001
-1.247384e+002,1.744588e-001
-1.25161e+002,1.713346e-001
-1.255186e+002,1.683483e-001
-1.262013e+002,1.65316e-001
-1.253886e+002,1.621919e-001
-1.256162e+002,1.591596e-001
-1.256162e+002,1.561273e-001
-1.257462e+002,1.530491e-001
-1.258762e+002,1.500169e-001
-1.257462e+002,1.469846e-001
-1.261363e+002,1.439523e-001
-1.263964e+002,1.408282e-001
-1.263964e+002,1.378418e-001
-1.262013e+002,1.348096e-001
-1.263964e+002,1.317773e-001
-1.266564e+002,1.28745e-001
-1.276967e+002,1.257128e-001
-1.263964e+002,1.225886e-001
-1.269165e+002,1.196023e-001
-1.271765e+002,1.1657e-001
-1.272416e+002,1.135378e-001
-1.274366e+002,1.105055e-001
-1.272416e+002,1.074732e-001
-1.276967e+002,1.04395e-001
-1.274366e+002,1.013627e-001
-1.282168e+002,9.823859e-002
-1.277942e+002,9.529821e-002
-1.278592e+002,9.226594e-002
-1.280543e+002,8.914179e-002
-1.282168e+002,8.620141e-002
-1.282168e+002,8.316914e-002
-1.282818e+002,8.009093e-002
-1.287044e+002,7.71046e-002
-1.284119e+002,7.402639e-002
-1.284119e+002,7.099413e-002
-1.282818e+002,6.791592e-002
-1.288019e+002,6.492959e-002
-1.28932e+002,6.189732e-002
-1.292246e+002,5.886506e-002
-1.292246e+002,5.583279e-002
-1.293546e+002,5.270863e-002
-1.294846e+002,4.972231e-002
-1.297122e+002,4.66441e-002
-1.294846e+002,4.365778e-002
-1.300047e+002,4.067145e-002
-1.300047e+002,3.763918e-002
-1.302648e+002,3.460692e-002
-1.303623e+002,3.157465e-002
-1.305249e+002,2.854238e-002
-1.305249e+002,2.541823e-002
-1.308825e+002,2.247785e-002
-1.305249e+002,1.944558e-002
-1.310125e+002,1.636737e-002
-1.308825e+002,1.338105e-002
-1.311425e+002,1.034878e-002
-1.310125e+002,7.270567e-003
-1.315326e+002,4.2383e-003
-1.315326e+002,1.114145e-003
-1.315326e+002,-1.780292e-003
-1.317927e+002,-4.812559e-003
-1.320202e+002,-7.844827e-003
-1.320202e+002,-1.087709e-002
-1.320202e+002,-1.386342e-002
-1.320202e+002,-1.698757e-002
-1.324429e+002,-1.992795e-002
-1.325404e+002,-2.305211e-002
-1.328329e+002,-2.608437e-002
-1.328329e+002,-2.911664e-002
-1.328329e+002,-3.219485e-002
-1.32963e+002,-3.522712e-002
-1.334831e+002,-3.825939e-002
-1.333206e+002,-4.124571e-002
-1.337432e+002,-4.432392e-002
-1.336131e+002,-4.735619e-002
-1.341008e+002,-5.038846e-002
-1.337432e+002,-5.342072e-002
-1.339707e+002,-5.640705e-002
-1.338407e+002,-5.948526e-002
-1.343283e+002,-6.251753e-002
-1.343283e+002,-6.554979e-002
-1.346209e+002,-6.849018e-002
-1.343283e+002,-7.161433e-002
-1.346209e+002,-7.469254e-002
-1.34881e+002,-7.772481e-002
-1.352711e+002,-8.061924e-002
-1.35141e+002,-8.378934e-002
-1.354986e+002,-8.682161e-002
-1.353686e+002,-8.985388e-002
-1.359212e+002,-9.279426e-002
-1.353686e+002,-9.587247e-002
-1.360512e+002,-9.895068e-002
-1.359212e+002,-1.01937e-001
-1.360512e+002,-1.050152e-001
-1.360512e+002,-1.080475e-001
-1.363113e+002,-1.110338e-001
-1.364413e+002,-1.14112e-001
-1.37189e+002,-1.170983e-001
-1.364413e+002,-1.201306e-001
-1.366364e+002,-1.231629e-001
-1.367989e+002,-1.261492e-001
-1.37189e+002,-1.291355e-001
-1.361813e+002,-1.321678e-001
-1.36929e+002,-1.35246e-001
-1.373191e+002,-1.381864e-001
-1.378392e+002,-1.412646e-001
-1.377092e+002,-1.442969e-001
-1.380993e+002,-1.472832e-001
-1.382293e+002,-1.502695e-001
-1.384568e+002,-1.533477e-001
-1.382293e+002,-1.5638e-001
-1.385869e+002,-1.594123e-001
-1.384568e+002,-1.623986e-001
-1.390095e+002,-1.654768e-001
-1.390095e+002,-1.684631e-001
-1.39237e+002,-1.714954e-001
-1.393671e+002,-1.745276e-001
-1.397572e+002,-1.77468e-001
-1.393671e+002,-1.805003e-001
-1.400172e+002,-1.834866e-001
-1.397572e+002,-1.865189e-001
-1.406674e+002,-1.895971e-001
-1.406674e+002,-1.925834e-001
-1.404073e+002,-1.956157e-001
-1.402773e+002,-1.98648e-001
-1.406674e+002,-2.016802e-001
-1.407649e+002,-2.046665e-001
-1.411875e+002,-2.076988e-001
-1.410575e+002,-2.107311e-001
-1.413176e+002,-2.137174e-001
-1.418377e+002,-2.167497e-001
-1.420652e+002,-2.197819e-001
-1.418377e+002,-2.227683e-001
-1.420652e+002,-2.258005e-001
-1.421953e+002,-2.287869e-001
-1.418377e+002,-2.318191e-001
-1.419677e+002,-2.348514e-001
-1.427154e+002,-2.378377e-001
-1.427154e+002,-2.4087e-001
-1.432355e+002,-2.438563e-001
-1.428454e+002,-2.468886e-001
-1.433656e+002,-2.499208e-001
-1.434956e+002,-2.529531e-001
-1.437232e+002,-2.559854e-001
-1.438532e+002,-2.590176e-001
-1.438532e+002,-2.620499e-001
-1.444058e+002,-2.650822e-001
-1.441458e+002,-2.680685e-001
-1.445359e+002,-2.711008e-001
-1.441458e+002,-2.74133e-001
-1.445359e+002,-2.771653e-001
-1.448934e+002,-2.800597e-001
-1.451535e+002,-2.832298e-001
-1.452835e+002,-2.861243e-001
-1.467139e+002,-2.892484e-001
-1.460312e+002,-2.922807e-001
-1.461938e+002,-2.95267e-001
-1.460312e+002,-2.983452e-001
-1.464538e+002,-3.012856e-001
-1.464538e+002,-3.043638e-001
-1.46974e+002,-3.073961e-001
-1.46974e+002,-3.104284e-001
-1.46974e+002,-3.134606e-001
-1.473641e+002,-3.164929e-001
-1.475916e+002,-3.194792e-001
-1.474616e+002,-3.225115e-001
-1.477216e+002,-3.255438e-001
-1.479817e+002,-3.285301e-001
-1.479817e+002,-3.314705e-001
-1.479817e+002,-3.345487e-001
-1.485018e+002,-3.376269e-001
-1.487619e+002,-3.405673e-001
-1.488594e+002,-3.436914e-001
-1.489895e+002,-3.465859e-001
-1.49282e+002,-3.4971e-001
-1.494121e+002,-3.527423e-001
-1.499322e+002,-3.557745e-001
-1.499322e+002,-3.588068e-001
-1.501598e+002,-3.617931e-001
-1.501598e+002,-3.648254e-001
-1.505499e+002,-3.678117e-001
-1.502898e+002,-3.708899e-001
-1.500622e+002,-3.738303e-001
-1.506799e+002,-3.769085e-001
-1.512e+002,-3.799408e-001
-1.5107e+002,-3.829271e-001
-1.518502e+002,-3.859594e-001
-1.53118e+002,-3.889457e-001
-1.518502e+002,-3.91978e-001
-1.521102e+002,-3.950102e-001
-1.523703e+002,-3.979966e-001
-1.525003e+002,-4.009829e-001
-1.527604e+002,-4.040152e-001
-1.528904e+002,-4.070015e-001
-1.53118e+002,-4.100338e-001
-1.53118e+002,-4.130201e-001
-1.537682e+002,-4.160064e-001
-1.536381e+002,-4.189468e-001
-1.541257e+002,-4.22025e-001
-1.541257e+002,-4.249194e-001
-1.542558e+002,-4.280436e-001
-1.546784e+002,-4.30938e-001
-1.541257e+002,-4.340622e-001
-1.550685e+002,-4.369566e-001
-1.551985e+002,-4.400808e-001
-1.551985e+002,-4.429752e-001
-1.559462e+002,-4.460994e-001
-1.556861e+002,-4.489938e-001
-1.562063e+002,-4.521179e-001
-1.563363e+002,-4.550583e-001
-1.567264e+002,-4.580906e-001
-1.564663e+002,-4.610769e-001
-1.57214e+002,-4.641092e-001
-1.57214e+002,-4.670955e-001
-1.577666e+002,-4.701278e-001
-1.565964e+002,-4.731141e-001
-1.581567e+002,-4.761464e-001
-1.580267e+002,-4.791327e-001
-1.587744e+002,-4.82119e-001
-1.585143e+002,-4.851513e-001
-1.59392e+002,-4.881376e-001
-1.592945e+002,-4.911239e-001
-1.598147e+002,-4.941103e-001
-1.596846e+002,-4.971425e-001
-1.600747e+002,-5.001288e-001
-1.603348e+002,-5.031152e-001
-1.607249e+002,-5.061015e-001
-1.607249e+002,-5.090878e-001
-1.61115e+002,-5.121201e-001
-1.61115e+002,-5.151524e-001
-1.617326e+002,-5.181387e-001
-1.616026e+002,-5.211709e-001
-1.623503e+002,-5.241573e-001
-1.622528e+002,-5.271895e-001
-1.629029e+002,-5.301759e-001
-1.63033e+002,-5.332081e-001
-1.634231e+002,-5.361945e-001
-1.634231e+002,-5.392267e-001
-1.636831e+002,-5.42213e-001
-1.640407e+002,-5.451994e-001
-1.641707e+002,-5.482316e-001
-1.644308e+002,-5.51218e-001
-1.649509e+002,-5.542043e-001
-1.65211e+002,-5.571447e-001
-1.65341e+002,-5.601769e-001
-1.654711e+002,-5.632092e-001
-1.658612e+002,-5.660577e-001
-1.659912e+002,-5.6909e-001
-1.662513e+002,-5.722601e-001
-1.666088e+002,-5.752464e-001
-1.669989e+002,-5.780489e-001
-1.675191e+002,-5.811271e-001
-1.675191e+002,-5.842513e-001
-1.675191e+002,-5.872376e-001
-1.680392e+002,-5.900861e-001
-1.682993e+002,-5.932103e-001
-1.685593e+002,-5.962425e-001
-1.690795e+002,-5.992748e-001
-1.693395e+002,-6.021233e-001
-1.695671e+002,-6.052475e-001
-1.695671e+002,-6.082338e-001
-1.700547e+002,-6.11266e-001
-1.703473e+002,-6.141605e-001
-1.706073e+002,-6.172387e-001
-1.708674e+002,-6.20271e-001
-1.713875e+002,-6.232573e-001
-1.716476e+002,-6.261977e-001
-1.716476e+002,-6.292299e-001
-1.722652e+002,-6.322163e-001
-1.723953e+002,-6.352485e-001
-1.727529e+002,-6.382348e-001
-1.734355e+002,-6.412212e-001
-1.731755e+002,-6.442075e-001
-1.736956e+002,-6.471479e-001
-1.739557e+002,-6.501801e-001
-1.744758e+002,-6.531665e-001
-1.744758e+002,-6.560609e-001
-1.749634e+002,-6.591391e-001
-1.752235e+002,-6.621714e-001
-1.757436e+002,-6.651577e-001
-1.757436e+002,-6.680981e-001
-1.765238e+002,-6.711304e-001
-1.763938e+002,-6.741167e-001
-1.770439e+002,-6.77103e-001
-1.772715e+002,-6.800893e-001
-1.777916e+002,-6.830756e-001
-1.777916e+002,-6.86062e-001
-1.781492e+002,-6.890483e-001
-1.784418e+002,-6.920346e-001
-1.79352e+002,-6.950209e-001
-1.79352e+002,-6.980073e-001
-1.796121e+002,-7.009936e-001
-1.800022e+002,-7.039799e-001
-1.803598e+002,-7.069662e-001
-1.806198e+002,-7.099526e-001
-1.811074e+002,-7.129389e-001
-1.8153e+002,-7.159252e-001
-1.819201e+002,-7.189115e-001
-1.820502e+002,-7.218979e-001
-1.827003e+002,-7.247464e-001
-1.829604e+002,-7.278246e-001
-1.837081e+002,-7.308568e-001
-1.838381e+002,-7.336594e-001
-1.843583e+002,-7.367376e-001
-1.847483e+002,-7.398158e-001
-1.85236e+002,-7.426184e-001
-1.85236e+002,-7.456506e-001
-1.860162e+002,-7.487288e-001
-1.862762e+002,-7.517152e-001
-1.869264e+002,-7.547015e-001
-1.866663e+002,-7.576878e-001
-1.875766e+002,-7.606741e-001
-1.879666e+002,-7.636605e-001
-1.884543e+002,-7.666468e-001
-1.885843e+002,-7.696331e-001
-1.894945e+002,-7.726194e-001
-1.894945e+002,-7.756057e-001
-1.900147e+002,-7.785921e-001
-1.901447e+002,-7.815784e-001
-1.910549e+002,-7.845647e-001
-1.909249e+002,-7.87551e-001
-1.920627e+002,-7.905374e-001
-1.921927e+002,-7.935237e-001
-1.931029e+002,-7.9651e-001
-1.93233e+002,-7.994963e-001
-1.935905e+002,-8.024827e-001
-1.941107e+002,-8.05469e-001
-1.945983e+002,-8.084553e-001
-1.948909e+002,-8.114416e-001
-1.956711e+002,-8.14428e-001
-1.958986e+002,-8.174143e-001
-1.967763e+002,-8.204006e-001
-1.970689e+002,-8.233869e-001
-1.977191e+002,-8.262814e-001
-1.979791e+002,-8.293596e-001
-1.988569e+002,-8.321621e-001
-1.991494e+002,-8.353322e-001
-1.998646e+002,-8.383186e-001
-2.005473e+002,-8.413049e-001
-2.014575e+002,-8.441074e-001
-2.009374e+002,-8.472775e-001
-2.014575e+002,-8.502638e-001
-2.019776e+002,-8.532502e-001
-2.024653e+002,-8.561446e-001
-2.031154e+002,-8.592228e-001
-2.035055e+002,-8.622091e-001
-2.044157e+002,-8.651955e-001
-2.050009e+002,-8.681818e-001
-2.055535e+002,-8.711681e-001
-2.059436e+002,-8.739707e-001
-2.065938e+002,-8.771408e-001
-2.068538e+002,-8.800811e-001
-2.068538e+002,-8.830675e-001
-2.078616e+002,-8.860078e-001
-2.090319e+002,-8.890401e-001
-2.093895e+002,-8.920264e-001
-2.098121e+002,-8.949668e-001
-2.106898e+002,-8.979531e-001
-2.1134e+002,-9.009395e-001
-2.116975e+002,-9.038339e-001
-2.125102e+002,-9.069121e-001
-2.131604e+002,-9.098525e-001
-2.137781e+002,-9.128388e-001
-2.142982e+002,-9.157792e-001
-2.152084e+002,-9.187655e-001
-2.158586e+002,-9.21614e-001
-2.162162e+002,-9.246922e-001
-2.168663e+002,-9.276786e-001
-2.179066e+002,-9.306189e-001
-2.184267e+002,-9.335593e-001
-2.189143e+002,-9.365456e-001
-2.208648e+002,-9.394401e-001
-2.209949e+002,-9.424723e-001
-2.209949e+002,-9.454587e-001
-2.218726e+002,-9.48399e-001
-2.222627e+002,-9.513854e-001
-2.23433e+002,-9.543717e-001
-2.240831e+002,-9.572661e-001
-2.249608e+002,-9.602984e-001
-2.25611e+002,-9.632388e-001
-2.273989e+002,-9.661792e-001
-2.271389e+002,-9.691655e-001
-2.281791e+002,-9.721518e-001
-2.286993e+002,-9.750462e-001
-2.29707e+002,-9.780785e-001
-2.292194e+002,-9.810189e-001
-2.307473e+002,-9.839593e-001
-2.320476e+002,-9.869456e-001
-2.332829e+002,-9.89886e-001
-2.335755e+002,-9.928723e-001
-2.348758e+002,-9.958127e-001
-2.353634e+002,-9.986612e-001
-2.369238e+002,-1.001693e+000
-2.374114e+002,-1.00468e+000
-2.384192e+002,-1.00762e+000
-2.391019e+002,-1.010515e+000
-2.402721e+002,-1.013547e+000
-2.412799e+002,-1.016441e+000
-2.423202e+002,-1.019428e+000
-2.424502e+002,-1.022414e+000
-2.446282e+002,-1.025354e+000
-2.447583e+002,-1.028249e+000
-2.460261e+002,-1.031281e+000
-2.470663e+002,-1.034175e+000
-2.500246e+002,-1.037162e+000
-2.482366e+002,-1.040148e+000
-2.500246e+002,-1.043088e+000
-2.513249e+002,-1.046075e+000
-2.524627e+002,-1.049015e+000
-2.532429e+002,-1.052002e+000
-2.545107e+002,-1.054942e+000
-2.55681e+002,-1.057928e+000
-2.568513e+002,-1.060869e+000
-2.581191e+002,-1.063809e+000
-2.592894e+002,-1.066795e+000
-2.600371e+002,-1.069736e+000
-2.615974e+002,-1.072722e+000
-2.624752e+002,-1.075662e+000
-2.641656e+002,-1.078649e+000
-2.643606e+002,-1.081589e+000
-2.662136e+002,-1.084529e+000
-2.676439e+002,-1.08747e+000
-2.689768e+002,-1.090456e+000
-2.69952e+002,-1.093397e+000
-2.715774e+002,-1.096337e+000
-2.723901e+002,-1.099231e+000
-2.743081e+002,-1.102218e+000
-2.752183e+002,-1.105204e+000
-2.768762e+002,-1.108144e+000
-2.779165e+002,-1.111039e+000
-2.795094e+002,-1.114025e+000
-2.806147e+002,-1.116966e+000
-2.825326e+002,-1.119906e+000
-2.837029e+002,-1.1228e+000
-2.852308e+002,-1.125787e+000
-2.865311e+002,-1.128727e+000
-2.884491e+002,-1.131667e+000
-2.894894e+002,-1.134608e+000
-2.916674e+002,-1.137548e+000
-2.925776e+002,-1.140443e+000
-2.944956e+002,-1.143429e+000
-2.958935e+002,-1.146369e+000
-2.977139e+002,-1.14931e+000
-2.993718e+002,-1.15225e+000
-3.008672e+002,-1.15519e+000
-3.027202e+002,-1.158131e+000
-3.044756e+002,-1.161071e+000
-3.061985e+002,-1.16392e+000
-3.079865e+002,-1.166906e+000
-3.096444e+002,-1.169755e+000
-3.114648e+002,-1.172741e+000
-3.132528e+002,-1.175589e+000
-3.153008e+002,-1.178576e+000
-3.168612e+002,-1.181424e+000
-3.190392e+002,-1.184411e+000
-3.209572e+002,-1.187259e+000
-3.225176e+002,-1.190245e+000
-3.245656e+002,-1.19314e+000
-3.266136e+002,-1.19608e+000
-3.290517e+002,-1.198975e+000
-3.309697e+002,-1.201915e+000
-3.330502e+002,-1.204809e+000
-3.353583e+002,-1.207704e+000
-3.374063e+002,-1.210552e+000
-3.395843e+002,-1.213539e+000
-3.420224e+002,-1.216387e+000
-3.44168e+002,-1.219328e+000
-3.46411e+002,-1.222222e+000
-3.488491e+002,-1.225162e+000
-3.511572e+002,-1.228057e+000
-3.530752e+002,-1.230951e+000
-3.561634e+002,-1.2338e+000
-3.587316e+002,-1.23674e+000
-3.612997e+002,-1.239635e+000
-3.636403e+002,-1.242575e+000
-3.663385e+002,-1.245469e+000
-3.690041e+002,-1.248364e+000
-3.720924e+002,-1.251212e+000
-3.74693e+002,-1.254153e+000
-3.772287e+002,-1.257047e+000
-3.800894e+002,-1.259942e+000
-3.831451e+002,-1.26279e+000
-3.854857e+002,-1.26573e+000
-3.889316e+002,-1.268533e+000
-3.919548e+002,-1.271473e+000
-3.951081e+002,-1.274368e+000
-3.981639e+002,-1.277262e+000
-4.012847e+002,-1.280111e+000
-4.04763e+002,-1.283051e+000
-4.078188e+002,-1.285946e+000
-4.108745e+002,-1.288794e+000
-4.14743e+002,-1.291688e+000
-4.181238e+002,-1.294583e+000
-4.218298e+002,-1.297431e+000
-4.251456e+002,-1.300326e+000
-4.287865e+002,-1.303174e+000
-4.324924e+002,-1.306023e+000
-4.364909e+002,-1.308917e+000
-4.398392e+002,-1.311766e+000
-4.437727e+002,-1.31466e+000
-4.481938e+002,-1.317509e+000
-4.521273e+002,-1.320403e+000
-4.560283e+002,-1.323344e+000
-4.598642e+002,-1.326146e+000
-4.645129e+002,-1.329086e+000
-4.69129e+002,-1.331935e+000
-4.738752e+002,-1.334737e+000
-4.783938e+002,-1.337678e+000
-4.828799e+002,-1.34048e+000
-4.877561e+002,-1.343375e+000
-4.924048e+002,-1.346223e+000
-4.975411e+002,-1.349072e+000
-5.022222e+002,-1.35192e+000
-5.076836e+002,-1.354769e+000
-5.126898e+002,-1.357617e+000
-5.180862e+002,-1.360466e+000
-5.237101e+002,-1.363314e+000
-5.296591e+002,-1.366163e+000
-5.350554e+002,-1.368965e+000
-5.407118e+002,-1.37186e+000
-5.463682e+002,-1.374616e+000
-5.525447e+002,-1.377511e+000
-5.579411e+002,-1.380267e+000
-5.646052e+002,-1.383116e+000
-5.711719e+002,-1.385964e+000
-5.780961e+002,-1.388721e+000
-5.846302e+002,-1.391524e+000
-5.91847e+002,-1.394372e+000
-5.986737e+002,-1.397175e+000
-6.059555e+002,-1.400023e+000
-6.130423e+002,-1.40278e+000
-6.209092e+002,-1.405628e+000
-6.280935e+002,-1.408431e+000
-6.36188e+002,-1.411187e+000
-6.442825e+002,-1.414036e+000
-6.526371e+002,-1.416792e+000
-6.599189e+002,-1.419595e+000
-6.690862e+002,-1.422352e+000
-6.780909e+002,-1.425108e+000
-6.873232e+002,-1.427911e+000
-6.961979e+002,-1.430667e+000
-7.059829e+002,-1.433424e+000
-7.154752e+002,-1.436181e+000
-7.254877e+002,-1.438937e+000
-7.352726e+002,-1.441602e+000
-7.460653e+002,-1.444404e+000
-7.56988e+002,-1.447161e+000
-7.674881e+002,-1.449826e+000
-7.787034e+002,-1.452582e+000
-7.898862e+002,-1.455339e+000
-8.017191e+002,-1.458004e+000
-8.133895e+002,-1.46076e+000
-8.253525e+002,-1.463471e+000
-8.380632e+002,-1.466182e+000
-8.506438e+002,-1.4688e+000
-8.640046e+002,-1.471557e+000
-8.779181e+002,-1.474222e+000
-8.911489e+002,-1.476887e+000
-9.050298e+002,-1.479551e+000
-9.190408e+002,-1.482262e+000
-9.341245e+002,-1.484881e+000
-9.491108e+002,-1.487545e+000
-9.646171e+002,-1.49021e+000
-9.804486e+002,-1.492829e+000
-9.969952e+002,-1.495448e+000
-1.013184e+003,-1.498112e+000
-1.029893e+003,-1.500731e+000
-1.04683e+003,-1.503304e+000
-1.064775e+003,-1.505371e+000
-1.013704e+003,-1.505417e+000
-9.740445e+002,-1.502799e+000
-9.367577e+002,-1.499812e+000
-9.004787e+002,-1.496596e+000
-8.65435e+002,-1.493656e+000
-8.320167e+002,-1.490624e+000
-7.998987e+002,-1.487545e+000
-7.694386e+002,-1.484513e+000
-7.398888e+002,-1.481389e+000
-7.113792e+002,-1.478357e+000
-6.84495e+002,-1.475324e+000
-6.586836e+002,-1.472246e+000
-6.338799e+002,-1.469168e+000
-6.104741e+002,-1.46609e+000
-5.87881e+002,-1.463012e+000
-5.666532e+002,-1.459933e+000
-5.453279e+002,-1.456809e+000
-5.258881e+002,-1.453685e+000
-5.071635e+002,-1.450653e+000
-4.893165e+002,-1.447575e+000
-4.707869e+002,-1.444404e+000
-4.553781e+002,-1.441372e+000
-4.391891e+002,-1.438248e+000
-4.242679e+002,-1.43517e+000
-4.096392e+002,-1.432092e+000
-3.961484e+002,-1.428967e+000
-3.826575e+002,-1.425889e+000
-3.697843e+002,-1.422765e+000
-3.579839e+002,-1.419641e+000
-3.456308e+002,-1.416517e+000
-3.340579e+002,-1.413439e+000
-3.232328e+002,-1.41036e+000
-3.124726e+002,-1.407236e+000
-3.018099e+002,-1.404112e+000
-2.924476e+002,-1.401034e+000
-2.834429e+002,-1.397864e+000
-2.740155e+002,-1.394786e+000
-2.660836e+002,-1.391615e+000
-2.569813e+002,-1.388583e+000
-2.492444e+002,-1.385459e+000
-2.410198e+002,-1.382335e+000
-2.337055e+002,-1.379211e+000
-2.263912e+002,-1.376133e+000
-2.189143e+002,-1.373008e+000
-2.121202e+002,-1.369884e+000
-2.054235e+002,-1.36676e+000
-1.983692e+002,-1.363636e+000
-1.916401e+002,-1.360558e+000
-1.865363e+002,-1.357388e+000
-1.807499e+002,-1.354309e+000
-1.747359e+002,-1.351139e+000
-1.690795e+002,-1.348061e+000
-1.644308e+002,-1.344891e+000
-1.583843e+002,-1.341859e+000
-1.536381e+002,-1.338735e+000
-1.487619e+002,-1.33561e+000
-1.436256e+002,-1.332486e+000
-1.39237e+002,-1.329362e+000
-1.344909e+002,-1.326238e+000
-1.302648e+002,-1.323068e+000
-1.255186e+002,-1.319944e+000
-1.217802e+002,-1.31682e+000
-1.173591e+002,-1.313695e+000
-1.134256e+002,-1.310571e+000
-1.091671e+002,-1.307447e+000
-1.055912e+002,-1.304323e+000
-1.017227e+002,-1.301199e+000
-9.824436e+001,-1.298075e+000
-9.408332e+001,-1.29495e+000
-9.093004e+001,-1.291826e+000
-8.758171e+001,-1.288702e+000
-8.439591e+001,-1.285578e+000
-8.095006e+001,-1.282454e+000
-7.808935e+001,-1.27933e+000
-7.448095e+001,-1.276206e+000
-7.152272e+001,-1.273081e+000
-6.830442e+001,-1.269957e+000
-6.573628e+001,-1.266833e+000
-6.235544e+001,-1.263709e+000
-5.975479e+001,-1.260585e+000
-5.676405e+001,-1.257461e+000
-5.435845e+001,-1.254382e+000
-5.149774e+001,-1.251212e+000
-4.889709e+001,-1.248134e+000
-4.619892e+001,-1.244964e+000
-4.389085e+001,-1.241886e+000
-4.171281e+001,-1.238716e+000
-3.894962e+001,-1.235637e+000
-3.660904e+001,-1.232467e+000
-3.439849e+001,-1.229389e+000
-3.222045e+001,-1.226219e+000
-2.974984e+001,-1.223141e+000
-2.75718e+001,-1.220063e+000
-2.523121e+001,-1.216893e+000
-2.341076e+001,-1.213814e+000
-2.129774e+001,-1.210644e+000
-1.947728e+001,-1.207612e+000
-1.716921e+001,-1.204488e+000
-1.538127e+001,-1.20141e+000
-1.356081e+001,-1.19824e+000
-1.174036e+001,-1.195207e+000
-9.854893e+000,-1.192083e+000
-8.164473e+000,-1.189005e+000
-6.246496e+000,-1.185835e+000
-4.588584e+000,-1.182757e+000
-2.508067e+000,-1.179586e+000
-1.240252e+000,-1.1766e+000
6.452161e-001,-1.173476e+000
2.075572e+000,-1.170352e+000
3.733483e+000,-1.167274e+000
5.163839e+000,-1.164195e+000
7.081815e+000,-1.161071e+000
8.479663e+000,-1.157993e+000
9.779986e+000,-1.154915e+000
1.134037e+001,-1.151791e+000
1.257568e+001,-1.148712e+000
1.413607e+001,-1.145588e+000
1.569646e+001,-1.14251e+000
1.722434e+001,-1.139432e+000
1.839463e+001,-1.136308e+000
1.956492e+001,-1.133184e+000
2.096276e+001,-1.130151e+000
2.226309e+001,-1.127027e+000
2.336836e+001,-1.123903e+000
2.470119e+001,-1.120779e+000
2.596901e+001,-1.117701e+000
2.723682e+001,-1.114622e+000
2.814705e+001,-1.111498e+000
2.944737e+001,-1.10842e+000
3.071519e+001,-1.105296e+000
3.162541e+001,-1.102218e+000
3.266567e+001,-1.099139e+000
3.354339e+001,-1.096061e+000
3.497375e+001,-1.092983e+000
3.6014e+001,-1.089905e+000
3.702175e+001,-1.086735e+000
3.767192e+001,-1.083702e+000
3.91998e+001,-1.080624e+000
4.011002e+001,-1.0775e+000
4.108526e+001,-1.074376e+000
4.160539e+001,-1.071344e+000
4.280819e+001,-1.06822e+000
4.368591e+001,-1.065141e+000
4.472617e+001,-1.061971e+000
4.537633e+001,-1.058939e+000
4.654662e+001,-1.055815e+000
4.703424e+001,-1.052737e+000
4.80745e+001,-1.049612e+000
4.885469e+001,-1.046534e+000
4.973241e+001,-1.04341e+000
5.038257e+001,-1.040332e+000
5.194296e+001,-1.037254e+000
5.233306e+001,-1.034084e+000
5.295071e+001,-1.031051e+000
5.347084e+001,-1.027927e+000
5.45111e+001,-1.024803e+000
5.503123e+001,-1.021679e+000
5.603898e+001,-1.018601e+000
5.642908e+001,-1.015522e+000
5.720927e+001,-1.012398e+000
5.77294e+001,-1.009274e+000
5.860712e+001,-1.006242e+000
5.912725e+001,-1.003026e+000
6.006998e+001,-1.000039e+000
6.059011e+001,-9.967316e-001
6.117526e+001,-9.938371e-001
6.169539e+001,-9.907589e-001
6.234555e+001,-9.876348e-001
6.273564e+001,-9.845565e-001
6.348333e+001,-9.814783e-001
6.439356e+001,-9.783542e-001
6.501121e+001,-9.75276e-001
6.501121e+001,-9.721518e-001
6.595394e+001,-9.690736e-001
6.605147e+001,-9.659954e-001
6.709173e+001,-9.628712e-001
6.735179e+001,-9.59793e-001
6.800195e+001,-9.566689e-001
6.829453e+001,-9.535907e-001
6.887967e+001,-9.504665e-001
6.913974e+001,-9.473883e-001
6.991993e+001,-9.441723e-001
7.031003e+001,-9.412319e-001
7.096019e+001,-9.379239e-001
7.190292e+001,-9.350295e-001
7.235803e+001,-9.319513e-001
7.235803e+001,-9.288731e-001
7.248807e+001,-9.257489e-001
7.294318e+001,-9.226707e-001
7.362585e+001,-9.195925e-001
7.440604e+001,-9.165143e-001
7.456858e+001,-9.134361e-001
7.505621e+001,-9.103579e-001
7.58364e+001,-9.072797e-001
7.609646e+001,-9.042015e-001
7.658408e+001,-9.011232e-001
7.710421e+001,-8.979991e-001
7.716923e+001,-8.949209e-001
7.749431e+001,-8.917967e-001
7.775438e+001,-8.887645e-001
7.86646e+001,-8.855484e-001
7.879463e+001,-8.82654e-001
7.931476e+001,-8.795758e-001
8.071261e+001,-8.764976e-001
8.071261e+001,-8.734193e-001
8.058258e+001,-8.703411e-001
8.097268e+001,-8.672629e-001
8.136277e+001,-8.641847e-001
8.178538e+001,-8.611524e-001
8.201293e+001,-8.580742e-001
8.263059e+001,-8.54996e-001
8.328075e+001,-8.519178e-001
8.282564e+001,-8.488396e-001
8.380088e+001,-8.456695e-001
8.406094e+001,-8.427291e-001
8.458107e+001,-8.396509e-001
8.51012e+001,-8.365727e-001
8.604394e+001,-8.334945e-001
8.597892e+001,-8.304163e-001
8.597892e+001,-8.273381e-001
8.636902e+001,-8.242599e-001
8.688915e+001,-8.210438e-001
8.698667e+001,-8.181034e-001
8.740927e+001,-8.148415e-001
8.79294e+001,-8.11947e-001
8.802693e+001,-8.088688e-001
8.867709e+001,-8.057906e-001
8.867709e+001,-8.027124e-001
8.919722e+001,-7.996801e-001
8.919722e+001,-7.966019e-001
8.961982e+001,-7.935237e-001
8.961982e+001,-7.904455e-001
8.997741e+001,-7.873673e-001
9.066008e+001,-7.842891e-001
9.11152e+001,-7.812108e-001
9.098516e+001,-7.780867e-001
9.215545e+001,-7.749625e-001
9.202542e+001,-7.719303e-001
9.254555e+001,-7.686683e-001
9.254555e+001,-7.657739e-001
9.35533e+001,-7.626956e-001
9.319571e+001,-7.596174e-001
9.368333e+001,-7.565392e-001
9.368333e+001,-7.53461e-001
9.426848e+001,-7.503369e-001
9.39434e+001,-7.472127e-001
9.485362e+001,-7.442264e-001
9.511369e+001,-7.411482e-001
9.576385e+001,-7.38024e-001
9.576385e+001,-7.349458e-001
9.703167e+001,-7.318676e-001
9.625147e+001,-7.287894e-001
9.67716e+001,-7.257112e-001
9.686913e+001,-7.22587e-001
9.729173e+001,-7.194169e-001
9.742176e+001,-7.162928e-001
9.807192e+001,-7.132145e-001
9.790938e+001,-7.101363e-001
9.833199e+001,-7.072419e-001
9.846202e+001,-7.041637e-001
9.885212e+001,-7.010855e-001
9.933974e+001,-6.980073e-001
9.946977e+001,-6.949291e-001
9.946977e+001,-6.918508e-001
1.001199e+002,-6.887726e-001
1.0025e+002,-6.856944e-001
1.0051e+002,-6.826162e-001
1.0051e+002,-6.79538e-001
1.011277e+002,-6.764598e-001
1.007701e+002,-6.733356e-001
1.012902e+002,-6.702115e-001
1.015503e+002,-6.670414e-001
1.020379e+002,-6.641929e-001
1.020379e+002,-6.611147e-001
1.02428e+002,-6.580365e-001
1.02558e+002,-6.549583e-001
1.029481e+002,-6.5188e-001
1.029481e+002,-6.4871e-001
1.033382e+002,-6.455858e-001
1.035983e+002,-6.425535e-001
1.039884e+002,-6.396591e-001
1.041184e+002,-6.365809e-001
1.043785e+002,-6.335027e-001
1.041184e+002,-6.304245e-001
1.046711e+002,-6.273922e-001
1.047686e+002,-6.24314e-001
1.053862e+002,-6.212358e-001
1.053862e+002,-6.181576e-001
1.055163e+002,-6.151253e-001
1.055163e+002,-6.120471e-001
1.059064e+002,-6.089229e-001
1.061664e+002,-6.059366e-001
1.064265e+002,-6.028584e-001
1.066866e+002,-5.997802e-001
1.069466e+002,-5.967479e-001
1.072067e+002,-5.936697e-001
1.073042e+002,-5.905915e-001
1.075643e+002,-5.874214e-001
1.077918e+002,-5.842972e-001
1.079544e+002,-5.81219e-001
1.08377e+002,-5.783246e-001
1.086045e+002,-5.752923e-001
1.087346e+002,-5.722141e-001
1.092547e+002,-5.6909e-001
1.091247e+002,-5.659658e-001
1.095148e+002,-5.630254e-001
1.095148e+002,-5.599932e-001
1.097748e+002,-5.569149e-001
1.096448e+002,-5.538367e-001
1.100024e+002,-5.508045e-001
1.101324e+002,-5.477263e-001
1.103925e+002,-5.44648e-001
1.107826e+002,-5.416158e-001
1.107826e+002,-5.385376e-001
1.111727e+002,-5.354594e-001
1.113027e+002,-5.323811e-001
1.113027e+002,-5.293029e-001
1.116928e+002,-5.261328e-001
1.118228e+002,-5.231925e-001
1.119854e+002,-5.201142e-001
1.119854e+002,-5.17036e-001
1.12473e+002,-5.139578e-001
1.12603e+002,-5.109256e-001
1.126681e+002,-5.078014e-001
1.126681e+002,-5.046772e-001
1.130907e+002,-5.015072e-001
1.128306e+002,-4.985208e-001
1.133507e+002,-4.953967e-001
1.133507e+002,-4.924563e-001
1.137408e+002,-4.893781e-001
1.141309e+002,-4.863458e-001
1.14391e+002,-4.832676e-001
1.141309e+002,-4.801894e-001
1.142609e+002,-4.771112e-001
1.142609e+002,-4.740789e-001
1.149111e+002,-4.710007e-001
1.142609e+002,-4.679684e-001
1.150411e+002,-4.648902e-001
1.149111e+002,-4.61812e-001
1.153987e+002,-4.587797e-001
1.153012e+002,-4.557015e-001
1.153987e+002,-4.526233e-001
1.155938e+002,-4.495451e-001
1.155938e+002,-4.464669e-001
1.157888e+002,-4.434346e-001
1.161789e+002,-4.403564e-001
1.159189e+002,-4.372323e-001
1.162114e+002,-4.341081e-001
1.161789e+002,-4.311677e-001
1.159189e+002,-4.280436e-001
1.161789e+002,-4.249194e-001
1.16569e+002,-4.218872e-001
1.166991e+002,-4.189008e-001
1.171542e+002,-4.158226e-001
1.170891e+002,-4.127444e-001
1.176093e+002,-4.096662e-001
1.173492e+002,-4.06588e-001
1.173492e+002,-4.035557e-001
1.173492e+002,-4.004775e-001
1.176093e+002,-3.973993e-001
1.176093e+002,-3.943211e-001
1.178693e+002,-3.912888e-001
1.177393e+002,-3.882106e-001
1.18487e+002,-3.851783e-001
1.18357e+002,-3.821001e-001
1.181944e+002,-3.790679e-001
1.181944e+002,-3.759437e-001
1.18357e+002,-3.729574e-001
1.187471e+002,-3.699251e-001
1.187471e+002,-3.66755e-001
1.18357e+002,-3.638146e-001
1.190071e+002,-3.607824e-001
1.187471e+002,-3.577042e-001
1.190071e+002,-3.546719e-001
1.188771e+002,-3.515937e-001
1.193972e+002,-3.485614e-001
1.188771e+002,-3.455292e-001
1.196573e+002,-3.42405e-001
1.192347e+002,-3.392808e-001
1.197548e+002,-3.363405e-001
1.192347e+002,-3.332623e-001
1.196573e+002,-3.300922e-001
1.188771e+002,-3.271977e-001
1.193972e+002,-3.241195e-001
1.197548e+002,-3.210872e-001
1.201774e+002,-3.18009e-001
1.203074e+002,-3.149768e-001
1.204375e+002,-3.118986e-001
1.205675e+002,-3.088663e-001
1.204375e+002,-3.057421e-001
1.204375e+002,-3.027558e-001
1.205675e+002,-2.996776e-001
1.206975e+002,-2.965994e-001
1.208276e+002,-2.936131e-001
1.208276e+002,-2.905348e-001
1.208276e+002,-2.874107e-001
1.210551e+002,-2.844703e-001
1.213152e+002,-2.81438e-001
1.213152e+002,-2.783598e-001
1.214452e+002,-2.753276e-001
1.213152e+002,-2.722953e-001
1.232657e+002,-2.69263e-001
1.220954e+002,-2.661848e-001
1.219654e+002,-2.631526e-001
1.223555e+002,-2.600743e-001
1.220954e+002,-2.570421e-001
1.223555e+002,-2.53872e-001
1.219654e+002,-2.507478e-001
1.226155e+002,-2.478074e-001
1.224205e+002,-2.447752e-001
1.230056e+002,-2.417429e-001
1.228756e+002,-2.387106e-001
1.228756e+002,-2.356324e-001
1.228756e+002,-2.326002e-001
1.228756e+002,-2.29522e-001
1.220954e+002,-2.264897e-001
1.231357e+002,-2.234115e-001
1.233957e+002,-2.203792e-001
1.234282e+002,-2.17301e-001
1.236233e+002,-2.142687e-001
1.238833e+002,-2.111446e-001
1.24436e+002,-2.081123e-001
1.238833e+002,-2.050341e-001
1.241434e+002,-2.020478e-001
1.242734e+002,-1.989696e-001
1.238833e+002,-1.959373e-001
1.241434e+002,-1.92905e-001
1.242734e+002,-1.898268e-001
1.24436e+002,-1.867945e-001
1.244035e+002,-1.837623e-001
1.247936e+002,-1.806381e-001
1.249236e+002,-1.776059e-001
1.250536e+002,-1.745736e-001
1.249236e+002,-1.715413e-001
1.269716e+002,-1.685091e-001
1.246635e+002,-1.654308e-001
1.253137e+002,-1.623986e-001
1.253137e+002,-1.593663e-001
1.250861e+002,-1.562422e-001
1.254437e+002,-1.532558e-001
1.255738e+002,-1.501776e-001
1.255738e+002,-1.471454e-001
1.259639e+002,-1.440671e-001
1.259639e+002,-1.40943e-001
1.259639e+002,-1.379107e-001
1.259964e+002,-1.349244e-001
1.264515e+002,-1.318462e-001
1.264515e+002,-1.288139e-001
1.259964e+002,-1.257357e-001
1.259639e+002,-1.227034e-001
1.267115e+002,-1.196712e-001
1.267115e+002,-1.16547e-001
1.269716e+002,-1.136066e-001
1.272317e+002,-1.105744e-001
1.277518e+002,-1.075421e-001
1.268416e+002,-1.045098e-001
1.274917e+002,-1.014776e-001
1.272317e+002,-9.839936e-002
1.277518e+002,-9.532115e-002
1.277518e+002,-9.233482e-002
1.278818e+002,-8.930256e-002
1.276218e+002,-8.61784e-002
1.280119e+002,-8.319208e-002
1.277518e+002,-8.015981e-002
1.282394e+002,-7.712754e-002
1.282394e+002,-7.400339e-002
1.28532e+002,-7.106301e-002
1.282394e+002,-6.803074e-002
1.288896e+002,-6.499847e-002
1.28532e+002,-6.196621e-002
1.288896e+002,-5.893394e-002
1.290521e+002,-5.590167e-002
1.291171e+002,-5.28694e-002
1.290521e+002,-4.979119e-002
1.292472e+002,-4.680487e-002
1.294097e+002,-4.37726e-002
1.296373e+002,-4.069439e-002
1.296373e+002,-3.761618e-002
1.297673e+002,-3.458391e-002
1.298973e+002,-3.159759e-002
1.301899e+002,-2.851938e-002
1.300599e+002,-2.553305e-002
1.301899e+002,-2.250079e-002
1.303199e+002,-1.946852e-002
1.305475e+002,-1.643625e-002
1.305475e+002,-1.340398e-002
1.305475e+002,-1.032577e-002
1.3071e+002,-7.339449e-003
1.313602e+002,-4.307181e-003
1.311977e+002,-1.274914e-003
1.313602e+002,1.71141e-003
1.313602e+002,4.743678e-003
1.316203e+002,7.821888e-003
1.314902e+002,1.080821e-002
1.317178e+002,1.388642e-002
1.321079e+002,1.691869e-002
1.321079e+002,1.995096e-002
1.321079e+002,2.298323e-002
1.322054e+002,2.606144e-002
1.32498e+002,2.90937e-002
1.322054e+002,3.212597e-002
1.32628e+002,3.51123e-002
1.331481e+002,3.819051e-002
1.331481e+002,4.122277e-002
1.332782e+002,4.430098e-002
1.333757e+002,4.733325e-002
1.335057e+002,5.036552e-002
1.337983e+002,5.339779e-002
1.337983e+002,5.643005e-002
1.340584e+002,5.946232e-002
1.340584e+002,6.249459e-002
1.344485e+002,6.552686e-002
1.343184e+002,6.851318e-002
1.34676e+002,7.163733e-002
1.34676e+002,7.46696e-002
1.34676e+002,7.770187e-002
1.349361e+002,8.064225e-002
1.350661e+002,8.37664e-002
1.350661e+002,8.679867e-002
1.351636e+002,8.983094e-002
1.353262e+002,9.281726e-002
1.357163e+002,9.589547e-002
1.357163e+002,9.883585e-002
1.359763e+002,1.0196e-001
1.358463e+002,1.050382e-001
1.362039e+002,1.080705e-001
1.361064e+002,1.111028e-001
1.36464e+002,1.14135e-001
1.36464e+002,1.171673e-001
1.367565e+002,1.201536e-001
1.367565e+002,1.231859e-001
1.367565e+002,1.262641e-001
1.367565e+002,1.292964e-001
1.368866e+002,1.323286e-001
1.370166e+002,1.35315e-001
1.372767e+002,1.383472e-001
1.373417e+002,1.413335e-001
1.374717e+002,1.444118e-001
1.377643e+002,1.473981e-001
1.378943e+002,1.503844e-001
1.378943e+002,1.534167e-001
1.384144e+002,1.56403e-001
1.384144e+002,1.594353e-001
1.385445e+002,1.625135e-001
1.384144e+002,1.655457e-001
1.388045e+002,1.68578e-001
1.388045e+002,1.716103e-001
1.392922e+002,1.745966e-001
1.390646e+002,1.776289e-001
1.392922e+002,1.806611e-001
1.392922e+002,1.836475e-001
1.398448e+002,1.866797e-001
1.394222e+002,1.89712e-001
1.395847e+002,1.927443e-001
1.398448e+002,1.957765e-001
1.402999e+002,1.987628e-001
1.404625e+002,2.017951e-001
1.408526e+002,2.048274e-001
1.404625e+002,2.078597e-001
1.409826e+002,2.10846e-001
1.408526e+002,2.138782e-001
1.412427e+002,2.169105e-001
1.413727e+002,2.199428e-001
1.417303e+002,2.229291e-001
1.416002e+002,2.259614e-001
1.420228e+002,2.289477e-001
1.416002e+002,2.3198e-001
1.420228e+002,2.350122e-001
1.423804e+002,2.379986e-001
1.42673e+002,2.410308e-001
1.42673e+002,2.440171e-001
1.430306e+002,2.470494e-001
1.436808e+002,2.499898e-001
1.431606e+002,2.53068e-001
1.431606e+002,2.561003e-001
1.435507e+002,2.591325e-001
1.435507e+002,2.621648e-001
1.439408e+002,2.651511e-001
1.440709e+002,2.681834e-001
1.44461e+002,2.712157e-001
1.445585e+002,2.74156e-001
1.449811e+002,2.772343e-001
1.449811e+002,2.803125e-001
1.452411e+002,2.832528e-001
1.451111e+002,2.863311e-001
1.449811e+002,2.892714e-001
1.452411e+002,2.923956e-001
1.458588e+002,2.954279e-001
1.457288e+002,2.984142e-001
1.459888e+002,3.014465e-001
1.461189e+002,3.044787e-001
1.46509e+002,3.07511e-001
1.46509e+002,3.105433e-001
1.470291e+002,3.135755e-001
1.474192e+002,3.165618e-001
1.475492e+002,3.195941e-001
1.471591e+002,3.226264e-001
1.478093e+002,3.256127e-001
1.476793e+002,3.285531e-001
1.474192e+002,3.316313e-001
1.480693e+002,3.345717e-001
1.481994e+002,3.376958e-001
1.484269e+002,3.405903e-001
1.48557e+002,3.437144e-001
1.492071e+002,3.466089e-001
1.48817e+002,3.49733e-001
1.489471e+002,3.527653e-001
1.492071e+002,3.557975e-001
1.493372e+002,3.587839e-001
1.498248e+002,3.618161e-001
1.503774e+002,3.648025e-001
1.501174e+002,3.678347e-001
1.506375e+002,3.70867e-001
1.511251e+002,3.738533e-001
1.511251e+002,3.768856e-001
1.511251e+002,3.799179e-001
1.512551e+002,3.829042e-001
1.513852e+002,3.859364e-001
1.508975e+002,3.889687e-001
1.509951e+002,3.91955e-001
1.517753e+002,3.949873e-001
1.521654e+002,3.979736e-001
1.522954e+002,4.010059e-001
1.525555e+002,4.039922e-001
1.526855e+002,4.069785e-001
1.525555e+002,4.100108e-001
1.532056e+002,4.129971e-001
1.534657e+002,4.159835e-001
1.535957e+002,4.189698e-001
1.535957e+002,4.220021e-001
1.539533e+002,4.249424e-001
1.538233e+002,4.280206e-001
1.534657e+002,4.30961e-001
1.552536e+002,4.338555e-001
1.546035e+002,4.369796e-001
1.549611e+002,4.398741e-001
1.552536e+002,4.429982e-001
1.553837e+002,4.460305e-001
1.552536e+002,4.490168e-001
1.556437e+002,4.520491e-001
1.562939e+002,4.550354e-001
1.560338e+002,4.580677e-001
1.565214e+002,4.61054e-001
1.566515e+002,4.640862e-001
1.573016e+002,4.670726e-001
1.573016e+002,4.701048e-001
1.580493e+002,4.730912e-001
1.575617e+002,4.761234e-001
1.580493e+002,4.791098e-001
1.578218e+002,4.820961e-001
1.58862e+002,4.850824e-001
1.580493e+002,4.881147e-001
1.589921e+002,4.91101e-001
1.589921e+002,4.941333e-001
1.594797e+002,4.971196e-001
1.598698e+002,5.001519e-001
1.601298e+002,5.031382e-001
1.599998e+002,5.061704e-001
1.6065e+002,5.091568e-001
1.6078e+002,5.121431e-001
1.610401e+002,5.151294e-001
1.611701e+002,5.181617e-001
1.615602e+002,5.21148e-001
1.615602e+002,5.241343e-001
1.619503e+002,5.271207e-001
1.623079e+002,5.301529e-001
1.624379e+002,5.331392e-001
1.62698e+002,5.361715e-001
1.631856e+002,5.391578e-001
1.631856e+002,5.421901e-001
1.637382e+002,5.451764e-001
1.637382e+002,5.482087e-001
1.642584e+002,5.51195e-001
1.645184e+002,5.542273e-001
1.64616e+002,5.571677e-001
1.650061e+002,5.601999e-001
1.654937e+002,5.632322e-001
1.654937e+002,5.660348e-001
1.660463e+002,5.69113e-001
1.663064e+002,5.722371e-001
1.665664e+002,5.752234e-001
1.665664e+002,5.780719e-001
1.670866e+002,5.811501e-001
1.672166e+002,5.842743e-001
1.680943e+002,5.872606e-001
1.678343e+002,5.900632e-001
1.680943e+002,5.932333e-001
1.683544e+002,5.962655e-001
1.688745e+002,5.992519e-001
1.690045e+002,6.021463e-001
1.693946e+002,6.052705e-001
1.693946e+002,6.082568e-001
1.697847e+002,6.11289e-001
1.699148e+002,6.141835e-001
1.706625e+002,6.172617e-001
1.7089e+002,6.20248e-001
1.710526e+002,6.232803e-001
1.7089e+002,6.262207e-001
1.718328e+002,6.292529e-001
1.717027e+002,6.322852e-001
1.722228e+002,6.352715e-001
1.723529e+002,6.382579e-001
1.727105e+002,6.412901e-001
1.732306e+002,6.442764e-001
1.735882e+002,6.471709e-001
1.737182e+002,6.50295e-001
1.740108e+002,6.532814e-001
1.744009e+002,6.562677e-001
1.74661e+002,6.592081e-001
1.750511e+002,6.622863e-001
1.754411e+002,6.652726e-001
1.757987e+002,6.682589e-001
1.760588e+002,6.712452e-001
1.763189e+002,6.742316e-001
1.765789e+002,6.772179e-001
1.770991e+002,6.801583e-001
1.772291e+002,6.831905e-001
1.778793e+002,6.861769e-001
1.782694e+002,6.892091e-001
1.782694e+002,6.921955e-001
1.786269e+002,6.951818e-001
1.792771e+002,6.981681e-001
1.795372e+002,7.011544e-001
1.799273e+002,7.041408e-001
1.801873e+002,7.071271e-001
1.804474e+002,7.100675e-001
1.80935e+002,7.130997e-001
1.813251e+002,7.159482e-001
1.815852e+002,7.189345e-001
1.819428e+002,7.220587e-001
1.822353e+002,7.25045e-001
1.824954e+002,7.278476e-001
1.827555e+002,7.309717e-001
1.835357e+002,7.34004e-001
1.840233e+002,7.368065e-001
1.846734e+002,7.398848e-001
1.848035e+002,7.42917e-001
1.853236e+002,7.457196e-001
1.854536e+002,7.487978e-001
1.860713e+002,7.51876e-001
1.859738e+002,7.548623e-001
1.868515e+002,7.578486e-001
1.872091e+002,7.60789e-001
1.877617e+002,7.637753e-001
1.881518e+002,7.667617e-001
1.885419e+002,7.69748e-001
1.88932e+002,7.727343e-001
1.892896e+002,7.757206e-001
1.896797e+002,7.78707e-001
1.903298e+002,7.816933e-001
1.913376e+002,7.846796e-001
1.921178e+002,7.876659e-001
1.912401e+002,7.906982e-001
1.920203e+002,7.936845e-001
1.924754e+002,7.966709e-001
1.93028e+002,7.996572e-001
1.932881e+002,8.026435e-001
1.939382e+002,8.056298e-001
1.943283e+002,8.085702e-001
1.95076e+002,8.115565e-001
1.954336e+002,8.14451e-001
1.959863e+002,8.175292e-001
1.959863e+002,8.205155e-001
1.970265e+002,8.235018e-001
1.971565e+002,8.263044e-001
1.975466e+002,8.294745e-001
1.981643e+002,8.324608e-001
1.988145e+002,8.354471e-001
1.993346e+002,8.383875e-001
1.995946e+002,8.414198e-001
1.999847e+002,8.442223e-001
2.008625e+002,8.473465e-001
2.013826e+002,8.503328e-001
2.021628e+002,8.533191e-001
2.024229e+002,8.561676e-001
2.03008e+002,8.592918e-001
2.035606e+002,8.622781e-001
2.042108e+002,8.652644e-001
2.043408e+002,8.682507e-001
2.052511e+002,8.712371e-001
2.057712e+002,8.740396e-001
2.063888e+002,8.772097e-001
2.06909e+002,8.80196e-001
2.083393e+002,8.831824e-001
2.082093e+002,8.860309e-001
2.086969e+002,8.89155e-001
2.093471e+002,8.921413e-001
2.098672e+002,8.951277e-001
2.105174e+002,8.98068e-001
2.107774e+002,9.011462e-001
2.116551e+002,9.041326e-001
2.125329e+002,9.07073e-001
2.128254e+002,9.100593e-001
2.138657e+002,9.130456e-001
2.141908e+002,9.158941e-001
2.151335e+002,9.189723e-001
2.151335e+002,9.219586e-001
2.165639e+002,9.24945e-001
2.169215e+002,9.278853e-001
2.173116e+002,9.308257e-001
2.179617e+002,9.337202e-001
2.188719e+002,9.367524e-001
2.186119e+002,9.397387e-001
2.201398e+002,9.426791e-001
2.207574e+002,9.456654e-001
2.218302e+002,9.486058e-001
2.227079e+002,9.515003e-001
2.23228e+002,9.545325e-001
2.240082e+002,9.575189e-001
2.247884e+002,9.604592e-001
2.254061e+002,9.633996e-001
2.256661e+002,9.663859e-001
2.269665e+002,9.693263e-001
2.277141e+002,9.723126e-001
2.284943e+002,9.75253e-001
2.296646e+002,9.781934e-001
2.3116e+002,9.811338e-001
2.315826e+002,9.841201e-001
2.323628e+002,9.870605e-001
2.326229e+002,9.900468e-001
2.337606e+002,9.928953e-001
2.345408e+002,9.959735e-001
2.354511e+002,9.989139e-001
2.361987e+002,1.0019e+000
2.370765e+002,1.004795e+000
2.380192e+002,1.007781e+000
2.391245e+002,1.010721e+000
2.396771e+002,1.013662e+000
2.411075e+002,1.016648e+000
2.418552e+002,1.019588e+000
2.434155e+002,1.022529e+000
2.436431e+002,1.025469e+000
2.452035e+002,1.028364e+000
2.458536e+002,1.03135e+000
2.466013e+002,1.03429e+000
2.458536e+002,1.037277e+000
2.495596e+002,1.040217e+000
2.499172e+002,1.043157e+000
2.5125e+002,1.046098e+000
2.523878e+002,1.049084e+000
2.53298e+002,1.052025e+000
2.543383e+002,1.055011e+000
2.55476e+002,1.057951e+000
2.565163e+002,1.060938e+000
2.57394e+002,1.063878e+000
2.585643e+002,1.066864e+000
2.601247e+002,1.069759e+000
2.610024e+002,1.072745e+000
2.625628e+002,1.075685e+000
2.634405e+002,1.078672e+000
2.65326e+002,1.081612e+000
2.657811e+002,1.084598e+000
2.67309e+002,1.087493e+000
2.683492e+002,1.090479e+000
2.699421e+002,1.09342e+000
2.710474e+002,1.096406e+000
2.728353e+002,1.099346e+000
2.737456e+002,1.102287e+000
2.752735e+002,1.105227e+000
2.765738e+002,1.108167e+000
2.781017e+002,1.111062e+000
2.792719e+002,1.114048e+000
2.809299e+002,1.116989e+000
2.819701e+002,1.119975e+000
2.837581e+002,1.122915e+000
2.849284e+002,1.125856e+000
2.865538e+002,1.128796e+000
2.878866e+002,1.131736e+000
2.896745e+002,1.134631e+000
2.908773e+002,1.137617e+000
2.927628e+002,1.140558e+000
2.942907e+002,1.143498e+000
2.961111e+002,1.146392e+000
2.97509e+002,1.149333e+000
2.993944e+002,1.152273e+000
3.008573e+002,1.155214e+000
3.026453e+002,1.158154e+000
3.044332e+002,1.161094e+000
3.061236e+002,1.164035e+000
3.080416e+002,1.166975e+000
3.09797e+002,1.169869e+000
3.1152e+002,1.17281e+000
3.131779e+002,1.175704e+000
3.148683e+002,1.178691e+000
3.173064e+002,1.181585e+000
3.189643e+002,1.184525e+000
3.212724e+002,1.18742e+000
3.228328e+002,1.19036e+000
3.251408e+002,1.193255e+000
3.269288e+002,1.196195e+000
3.292369e+002,1.199089e+000
3.310573e+002,1.201984e+000
3.333654e+002,1.204924e+000
3.355434e+002,1.207819e+000
3.377215e+002,1.210667e+000
3.39802e+002,1.213654e+000
3.421101e+002,1.216502e+000
3.444181e+002,1.219442e+000
3.468562e+002,1.222337e+000
3.489042e+002,1.225277e+000
3.514724e+002,1.228172e+000
3.541706e+002,1.231066e+000
3.564786e+002,1.233915e+000
3.588192e+002,1.236855e+000
3.614524e+002,1.239749e+000
3.63923e+002,1.242644e+000
3.667837e+002,1.245492e+000
3.690918e+002,1.248479e+000
3.720175e+002,1.251373e+000
3.745856e+002,1.254268e+000
3.775764e+002,1.257162e+000
3.803721e+002,1.260056e+000
3.832328e+002,1.262951e+000
3.86191e+002,1.265845e+000
3.892468e+002,1.268694e+000
3.92205e+002,1.271588e+000
3.952933e+002,1.274391e+000
3.983815e+002,1.277377e+000
4.018599e+002,1.280272e+000
4.050457e+002,1.283166e+000
4.085241e+002,1.286014e+000
4.118399e+002,1.288909e+000
4.152207e+002,1.291711e+000
4.185691e+002,1.294652e+000
4.216573e+002,1.297454e+000
4.258509e+002,1.300395e+000
4.293617e+002,1.303289e+000
4.330677e+002,1.306138e+000
4.370662e+002,1.309032e+000
4.408046e+002,1.311927e+000
4.44608e+002,1.314775e+000
4.487691e+002,1.31767e+000
4.52735e+002,1.320518e+000
4.572537e+002,1.323367e+000
4.619999e+002,1.326261e+000
4.656733e+002,1.329109e+000
4.699643e+002,1.332004e+000
4.745805e+002,1.334852e+000
4.790991e+002,1.337701e+000
4.841053e+002,1.340595e+000
4.883314e+002,1.343444e+000
4.934677e+002,1.346246e+000
4.983764e+002,1.349141e+000
5.033501e+002,1.351989e+000
5.083889e+002,1.354838e+000
5.138827e+002,1.357686e+000
5.191816e+002,1.360535e+000
5.245454e+002,1.363337e+000
5.302343e+002,1.366232e+000
5.356306e+002,1.36908e+000
5.414171e+002,1.371883e+000
5.475936e+002,1.374731e+000
5.536076e+002,1.377534e+000
5.604343e+002,1.380382e+000
5.664808e+002,1.383185e+000
5.728849e+002,1.385987e+000
5.791915e+002,1.388836e+000
5.865058e+002,1.391638e+000
5.929424e+002,1.394395e+000
6.001267e+002,1.397198e+000
6.073435e+002,1.400046e+000
6.147553e+002,1.402803e+000
6.220046e+002,1.405651e+000
6.300991e+002,1.408454e+000
6.379336e+002,1.41121e+000
6.45898e+002,1.414059e+000
6.542526e+002,1.416815e+000
6.632248e+002,1.419618e+000
6.717095e+002,1.422375e+000
6.80064e+002,1.425131e+000
6.888087e+002,1.427934e+000
6.985936e+002,1.43069e+000
7.078259e+002,1.433355e+000
7.178384e+002,1.436158e+000
7.274608e+002,1.438868e+000
7.378959e+002,1.441625e+000
7.484285e+002,1.444336e+000
7.588636e+002,1.447138e+000
7.693962e+002,1.449849e+000
7.809041e+002,1.452605e+000
7.921194e+002,1.455316e+000
8.033022e+002,1.458027e+000
8.154927e+002,1.460737e+000
8.282359e+002,1.463448e+000
8.40849e+002,1.466159e+000
8.536897e+002,1.468823e+000
8.671805e+002,1.471534e+000
8.81029e+002,1.474153e+000
8.938697e+002,1.476864e+000
9.080432e+002,1.479482e+000
9.223142e+002,1.482193e+000
9.372029e+002,1.484858e+000
9.519941e+002,1.487522e+000
9.67533e+002,1.490141e+000
9.833644e+002,1.49276e+000
9.995534e+002,1.495425e+000
1.016263e+003,1.497998e+000
1.033199e+003,1.500662e+000
1.050299e+003,1.503235e+000